Chapter,hanzi,meaning,example_en,usage_note
Chapter 3,沾亲带故,liés par des liens familiaux ou anciens,"Nous sommes de vieilles villes liées par des liens familiaux, donc la rencontre se sent particulièrement chaleureuse.",Décrit la parenté ou une longue connaissance.
Chapter 3,妙龄,prime de la jeunesse (pour les femmes),"Sur la photo, Mère était dans la fleur de sa jeunesse, avec un sourire éclatant.","Littéraire, souvent écrit."
Chapter 3,飘然而至,arriver à la légère ; apparaître gracieusement,Le souffle du printemps arriva légèrement sur la brise chaude.,Description littéraire de l'arrivée.
Chapter 3,去世,passer,"Après la mort de maman, la famille a gardé les vêtements de printemps qu'elle portait.",L'euphémisme poli pour la mort.
Chapter 3,心中,dans son cœur; intérieurement,"En lisant cette lettre, elle s'est sentie à nouveau aspirante pour sa mère dans son cœur.",Souvent dans la narration littéraire.
Chapter 3,泛起,Bien haut; montée (de sentiments),Le fait de mentionner le passé lui a apporté une lueur de larmes aux yeux.,Utilisé pour les émotions ou les ondulations.
Chapter 3,追思,chérir la mémoire de (le défunt),"Chaque Qingming, il va dans la tombe pour chérir la mémoire de sa mère.",Un souvenir formel.
Chapter 3,惆怅,mélancolie; triste,"De vieux objets remirent des souvenirs, la laissant un peu mélancolique.",Mot d'humeur littéraire.
Chapter 3,装束,robe; tenue,"Son costume était simple et élégant, il convenait à une femme professionnelle.",Peut aussi être utilisé comme verbe par écrit.
Chapter 3,时髦,à la mode; élégant,Ce manteau était très à la mode alors et ne semble toujours pas daté.,Souvent sur les vêtements.
Chapter 3,发型,coiffure,Elle a changé pour une coiffure fraîche et avait l'air beaucoup plus énergique.,Description de l'apparence commune.
Chapter 3,脐,nombril; bouton ventre,"Quand les pantalons de taille basse étaient populaires, les hauts à barreaux midriff ont suscité beaucoup de discussions.",Terme d'anatomie/d'habillement.
Chapter 3,触目惊心,choquant; étonnement,Un tel gaspillage est vraiment choquant à voir.,Fort impact visuel négatif.
Chapter 3,征集,recueillir; solliciter,"La revue sollicite des essais, et il en a soumis un sur sa mère.",Commun dans l'édition.
Chapter 3,文集,travaux collectés; anthologie,Cette anthologie rassemble les écrits de l'auteur sur les vêtements et la mémoire.,Terme de publication.
Chapter 3,附录,Annexe,L'annexe comprend les premières photos et les enregistrements de la taille des vêtements.,Terme académique/livre.
Chapter 3,谈吐,la manière de parler; diction,"Elle parle avec calme, révélant une bonne éducation.",Se réfère au style de la parole.
Chapter 3,得体,approprié; approprié,L'habillage approprié est très important dans une entrevue.,Loué pour le bien-fondé.
Chapter 3,就算,même si; accordé que,"Même si le style était daté, Mère ne pouvait pas supporter de jeter ce vêtement.",Connecteur concessif.
Chapter 3,推敲,polir la formulation; délibéré,Il a poli le titre de cet essai pendant longtemps avant de s'y fixer.,De l'histoire de Jia Dao.
Chapter 3,眼影,ombre oculaire,Elle n'applique qu'une légère touche d'ombre à paupières et semble rafraîchie.,Le vocabulaire du maquillage.
Chapter 3,灰晶,cristal grisâtre,Cette ombre à paupières grisâtre teinte de cristal convient au maquillage quotidien.,Terme de couleur spécifique au texte.
Chapter 3,唇膏,rouge à lèvres,Elle a choisi un rouge à lèvres léger pour correspondre à sa tenue de printemps simple.,Maquillage.
Chapter 3,面容,traits du visage; visage,"Sur la vieille photo, le visage de Mère était doux et ferme.",Formel/littéraire pour visage.
Chapter 3,别扭,inconfortable; inconfortable,"La taille est fausse, donc porter ce vêtement est gênant.",Peut décrire des relations ou des vêtements.
Chapter 3,借题发挥,utiliser un sujet comme prétexte pour faire un point,"Il ne parlait pas vraiment de vêtements, mais de leur utilisation comme prétexte pour discuter de la consommation.",Ton souvent critique.
Chapter 3,俏,joli; vif et charmant,La tenue de printemps la rendait particulièrement jolie.,Souvent pour les femmes / apparence.
Chapter 3,酷,frais; élégant,Elle pense que les cheveux courts avec un manteau de tranchée sont cool.,Utilisation de mots de prêt.
Chapter 3,时尚,mode; tendance,"La mode change rapidement, mais les styles classiques durent plus longtemps.",Peut être nom ou adjectif.
Chapter 3,顺风,avec le vent; aller doucement,Le temps est important au travail; aller avec le vent demande moins d'efforts.,Souvent figuratif.
Chapter 3,逆风,contre le vent; vent de face,"Pendant l'ajustement de l'industrie, les entreprises vont inévitablement contre le vent.",Des difficultés figuratives.
Chapter 3,免不了,inévitable; lié à,Parler de vêtements implique inévitablement l'esthétique et le temps.,Colloquial.
Chapter 3,出神,perdu dans la pensée; en transe,"Elle regardait les vieux vêtements, perdu dans la pensée, comme dans le passé.",Pas surnaturel.
Chapter 3,清纯,pure; innocent,"Son air jeune était pur, comme une brise de printemps.",Souvent décrit l'apparence ou le caractère.
Chapter 3,尝试,essayer; essayer,Elle a essayé de changer le vieux vêtement en un meilleur ajustement.,Verbe général.
Chapter 3,乃至,même à; aller jusqu'à,Ce tissu est si doux qu'il peut même être porté à côté de la peau.,Connecteur écrit formel.
Chapter 3,毒品,drogues; stupéfiants,Les jeunes devraient comprendre les méfaits de la drogue et rester loin.,Un sujet social sérieux.
Chapter 3,人生,la vie; sa vie,"Le vêtement enregistre non seulement le style, mais aussi les épisodes de la vie.",Nom abstrait.
Chapter 3,体验,expérience (de première main),Elle a passé une journée dans une usine à vivre le travail d'une couturière.,Souvent verbe dans la lecture des textes.
Chapter 3,跻身,rejoindre les rangs de; entrer,La marque s'est jointe aux semaines de mode internationales et a attiré l'attention.,"Formel, souvent en affaires."
Chapter 3,竭诚,"de tout cœur, avec toute la sincérité",Le commis a aidé de tout cœur les clients à choisir la bonne taille.,Durée de service officielle.
Chapter 3,忠告,conseils sincères,Les conseils sincères des anciens l'ont fait repenser la consommation de vêtements.,Nom ou verbe.
Chapter 3,童真,innocence enfantine,"Quand l'enfant portait de nouveaux vêtements, son visage était plein d'innocence.",Qualité d'enfance positive.
Chapter 3,品尝,goût; goût,Savourer lentement une tasse de thé est aussi une forme de repos.,Peut être littérale ou figurative.
Chapter 3,轻微,légère; mineure,Le tissu n'a que de légères rides; le repassage le réparera.,En face de sévère.
Chapter 3,大麻,cannabis; marijuana,La loi interdit strictement la culture ou la vente de cannabis.,Discuter uniquement dans le contexte de la prévention.
Chapter 3,在世为人,Vivre sa vie dans ce monde,Vivre dans ce monde exige à la fois dignité et modération.,Une phrase philosophique.
Chapter 3,底线,ligne de fond; limite,La consommation peut poursuivre la beauté mais ne doit pas dépasser la limite de la raison.,Une métaphore commune.
Chapter 3,白领,travailleur à col blanc,Beaucoup d'ouvriers préfèrent une tenue de bureau simple et pointue.,Terme de catégorie sociale.
Chapter 3,型,style; type; modèle,Les manteaux souples sont de style cette année.,"Courte pour ""."
Chapter 3,差异,différence; écart,La différence entre les deux tissus réside principalement dans la respirabilité et la sensation.,Nom officiel.
Chapter 3,望去,regarder vers; regarder dans une direction,Il regarda dehors; la foule dans la rue coulait comme une marée.,Le verbe de mouvement littéraire.
Chapter 3,透亮,lumineux et clair; translucide,"La gaze est lumineuse et pure, adaptée au printemps et à l'été.",Décrit les matériaux légers.
Chapter 3,哲理,philosophie; perspicacité philosophique,L'essai tire beaucoup de philosophie de vie d'un seul vêtement.,Nom abstrait.
Chapter 3,启示,lumière; révélation,L'énergie de maman lui a donné une grande lumière.,Un aperçu positif.
Chapter 3,衣橱（柜）,armoire; placard,Elle ouvrit la garde-robe; des vêtements de printemps de nombreuses années accrochés à l'intérieur.,C'est une variante familière.
Chapter 3,质地,texture; qualité du matériau,Cette couche a une texture épaisse et garde bien au chaud.,Utilisé pour les tissus.
Chapter 3,绝迹,disparaître; devenir éteint,Ce vieux bouton grenouille a presque disparu en ville.,Souvent pour les douanes/espèces.
Chapter 3,裤腿,jambe de pantalon,Les jambes du pantalon sont un peu longues et doivent être raccourcies d'un pouce.,Partie vêtements.
Chapter 3,灰白,blanc cendré; blanc grisâtre,Il y avait déjà quelques brins blancs dans les temples de Mère.,Description des couleurs.
Chapter 3,腰围,taille; mesure de la taille,Le tailleur a soigneusement mesuré sa taille et ses épaules.,Mesure des vêtements.
Chapter 3,容下,tenir; accueillir,Cette petite armoire ne peut plus tenir plus de vêtements d'hiver.,Capacité spatiale.
Chapter 3,当下,en ce moment; en ce moment,Les tendances actuelles peuvent ne pas convenir à tout le monde.,Temps de référence.
Chapter 3,遗弃,abandon; abandon,Il ne faut pas abandonner les vêtements qui sont encore portés.,Forte négative.
Chapter 3,羞涩,timide; cinglé,Elle a timidement baissé la tête pour redresser son col.,Une douce émotion.
Chapter 3,初恋,premier amour,La vieille photo lui rappelait l'innocence du premier amour.,Mémoire émotionnelle.
Chapter 3,见证,témoin; témoignage,Ces vêtements ont été témoins des changements des temps.,Souvent figuratif.
Chapter 3,沐浴,se baigner; se prélasser (dans),"Au petit matin, elle se baissa dans la douce lumière de printemps.",Souvent figuratif.
Chapter 3,世俗,séculaire; mondain,Ne vous souciez pas trop des jugements mondains sur l'habillement.,Peut être neutre ou critique.
Chapter 3,军绿,vert armée,Les manteaux de tranchées vert armée étaient autrefois très populaires.,Terme de couleur.
Chapter 3,苗条,mince; mince,Une coupe bien ajustée l'a rendue plus mince.,D'habitude pour les femmes.
Chapter 3,九牛二虎之力,effort considérable,Il a fait d'énormes efforts pour porter le vieux coffre en bois à l'étage.,Idiome exagéré.
Chapter 3,讨,demande; demande,La couleur de ce vêtement est très agréable.,Polysémieux; le contexte compte.
Chapter 3,到手,obtenir; obtenir la prise de,Il a attendu longtemps avant d'obtenir le manteau en édition limitée.,Acquisition de colloques.
Chapter 3,国防绿,défense nationale verte,"Dans les années 80, les manteaux verts de défense nationale étaient courants.",Période terme mode.
Chapter 3,军用,utilisation militaire,La toile militaire est dure et a été utilisée pour les sacs et les chaussures.,Terme matériel/style.
Chapter 3,水壶,cantine; bouilloire; bouteille d'eau,Il a porté une cantine et a continué le long du sentier de montagne.,Tous les jours.
Chapter 3,强劲,puissant; robuste,Le vent puissant a fait le rack de vêtements.,Souvent pour force/tendance.
Chapter 3,风行,être en vogue; prévaloir,"Un pantalon à large jambe était en vogue, puis s'estompait tranquillement.",Contexte mode.
Chapter 3,置身于,se placer dans; être immergé dans,"Placé dans la salle d'exposition, on semblait entrer dans l'histoire de la robe.",Littéraire.
Chapter 3,审美,esthétique; goût en beauté,La lecture et le voyage contribuent à élargir le sens esthétique.,Souvent l'usage du nom.
Chapter 3,潮流,tendance; marée de la mode,"Les tendances changent, mais l'ajustement et la convenance comptent toujours.",Terme de mode.
Chapter 3,昂奋,excité; excité,"En entendant la bonne nouvelle, il est devenu excité et élevé.",émotion littéraire.
Chapter 3,置备,achat; équipement,Elle a acheté un ensemble de fournitures d'étude pour le nouveau semestre.,Achat formel.
Chapter 3,沉浸,être immergé dans,Elle était plongée dans des souvenirs et a perdu la trace du temps.,Figueur commun.
Chapter 3,溢美之词,éloges excessifs; flatterie,Évaluer le travail de façon réaliste et éviter les éloges excessifs.,Critique de la flatterie.
Chapter 3,开度,largeur d'ouverture (de vêtement),"L'ouverture avant du manteau est modérée, ce qui facilite la marche.",Terme de conception de vêtements.
Chapter 3,极为,extrêmement; très,Elle est très particulière sur les détails.,Intensificateur formel.
Chapter 3,夸张,exagéré; exagérer,Appeler de vieux vêtements sans valeur est quelque peu exagéré.,Peut être adj ou verbe.
Chapter 3,大摇大摆,swagger; marcher ostensiblement,Il est entré dans la salle de réunion comme si personne d'autre n'était là.,Souvent négatif.
Chapter 3,提携,guide et soutien; mentor,Le soutien des mentors supérieurs l'a aidé à éviter les détours dans sa carrière.,Formelle/polite.
Chapter 3,前辈,senior; génération plus âgée,Les aînés lui ont rappelé que la robe devrait convenir à l'occasion.,Respectueux terme.
Chapter 3,感念,rappeler avec gratitude,Il se souvient avec gratitude du travail et des soins passés de sa mère.,Un ton formel chaud.
Chapter 3,女郎,jeune femme; femme,La jeune femme sur la couverture du magazine portait une tenue de printemps élégante.,Légèrement daté/officielle.
Chapter 3,眼神,regard dans les yeux; expression,"Le regard de la mère était doux, comme si elle l'encourageait.",Lecture émotionnelle.
Chapter 3,凸现,se démarquer; émerger clairement,"Sous la lumière, la texture du tissu se distinguait clairement.",Formellement écrite.
Chapter 3,诧异,étonné; surpris,Il était étonné de la hausse soudaine des prix.,Ça montre une surprise.
Chapter 3,不快,malheureuse; déplaisante,La blague d'un ami le déplaisait un peu.,État émotionnel.
Chapter 3,浮现,émerger; me rappeler,Le passé est apparu aussi clairement qu'une vieille photographie.,Souvent des souvenirs/images.
Chapter 3,就此,à ce moment; sur-le-champ; dès lors,La discussion s'arrête ici et s'achève.,Enveloppe une action.
Chapter 3,吱声,prononcer un son; parler,Il s'est assis dans le coin sans un mot pendant longtemps.,Colloque nordique.
Chapter 3,抗拒,résister; rejeter,Tous les jeunes ne résistent pas aux vêtements traditionnels.,Psychologique ou physique.
Chapter 3,毋庸,inutile; pas besoin,Inutile de dire que l'esthétique change avec le temps.,Formel.
Chapter 3,成因,cause; facteur contributif,Les experts ont analysé les causes de cet état d'esprit de consommation.,Tonalité académique.
Chapter 3,预示,Pré-ombre; présage,Les bourgeons germants présagent l'arrivée du printemps.,Prédiction formelle.
Chapter 3,凝固,solidifier; geler (figuratif),"À ce moment-là, son sourire semblait figé sur la photo.",Souvent figuratif dans la littérature.
Chapter 3,多变,variable; volatile,"Le temps du printemps est changeant, de sorte que les vêtements devraient être faciles à coucher.",Décrit l'instabilité.
Chapter 3,预料,prévoir; anticiper,Il ne s'attendait pas à ce que le vieux vêtement s'adapte si bien.,Prédiction.
Chapter 3,降临,arrivée; arrivée,"Le printemps est arrivé tranquillement, et les rues ont mis des couleurs plus légères.",Arrivée officielle.
Chapter 3,微颤,trembler légèrement,"Sa voix trembla légèrement, mais elle finit toujours l'histoire.",Mouvement subtil.
Chapter 3,劲风,vent fort; tempête,"Un vent fort leva l'ourlet de son manteau, et il saisit son écharpe.",Imagerie météorologique.
Chapter 3,相当于,équivalent à; égal à,Cette dépense représentait un demi-mois de coût de la vie.,Comparaison.
Chapter 3,效应,effet,Les vêtements de marque produisent parfois un effet de spectacle.,Académique/général.
Chapter 3,轻飘,léger et aéré; faible,La neige légère tomba sur ses épaules et fondit immédiatement.,Texture ou mode.
Chapter 3,诡谲,bizarre; imprévisible,La nuit était épouvantable et imprévisible ; les lampadaires balayaient dans le vent.,Adjectif littéraire.
Chapter 3,穿着,vêtements; vêtements,Son vêtement était simple mais propre et propre.,Concentrez-vous sur le nom.
Chapter 3,饮食,alimentation; aliments et boissons,Une alimentation raisonnable compte plus que la poursuite aveugle de la mode.,Sujet de la vie quotidienne.
Chapter 3,俗世,monde mortel; monde laïque,Il a gardé une sensibilité à la beauté dans le monde laïque.,Littéraire.
Chapter 3,无可责备,irréprochable; sans reproche,"Sa manipulation était régulière et approfondie, sans reproche.",Des louanges formelles.
Chapter 3,甚或,même; ou même,Le changement a même affecté les habitudes vestimentaires quotidiennes.,Intensificateur formel.
Chapter 3,有助于,être propice à; aider,La lecture des classiques aide à améliorer l'expression linguistique.,Structure formelle avec :
Chapter 3,提升,élever; améliorer,Une robe appropriée peut élever son roulement.,Fréquent dans le travail/la vie privée.
Chapter 3,情趣,charme; attrait; goût,Un bouquet ajoute du charme à une chambre.,Une esthétique positive.
Chapter 3,良性,bénigne; positif (cycle),La consommation rationnelle aide à former des habitudes positives.,Souvent.
Chapter 3,宣泄,évent (émotions); libération,L'écriture est une façon d'évacuer ses sentiments.,Terme psychologique.
Chapter 3,夕阳,coucher du soleil; les années suivantes,Le soleil couchant teint le porte-vêtements par la fenêtre doré.,Souvent poétique.
Chapter 3,作伴,garder compagnie; accompagner,Il garde un chat pour la compagnie tout en écrivant à la maison.,Un compagnon.
Chapter 3,活力,vitalité; énergie,Des vêtements à ressorts légers donnent un air plus énergique.,Qualité positive.
Chapter 3,关爱,soins; faire preuve de préoccupation,Les soins parentaux sont un soutien vital pour la croissance de l'enfant.,Terme social chaud.
Chapter 3,底层,couche inférieure; base,Il se soucie des besoins en vêtements des travailleurs de la base.,Terme de stratification sociale.
Chapter 3,深思,réfléchir profondément; réfléchir,Cette question mérite une réflexion approfondie.,Réflexion formelle.
Chapter 3,体味,Savourez; appréciez (expérience),Ce n'est qu'en savourant lentement qu'on peut lire l'émotion derrière les mots.,Verbe littéraire.
Chapter 3,松糕鞋,chaussures de plate-forme,Les chaussures de plate-forme étaient autrefois à la mode mais sont devenues plus tard rares.,Un objet de mode.
Chapter 3,三娘教子,San Niang Teachs Son Fils (histoire de l'opéra),Le texte mentionne cette histoire pour illustrer l'importance de l'éducation familiale.,Référence culturelle.
Chapter 3,性解放,libération sexuelle (sens académique),La leçon traite de l'idée de libération sexuelle dans un contexte académique.,Gérez de ton neutre académique.
Chapter 3,新新人类,jeunes de nouvelle génération (terme des années 1990),L'esthétique de cette génération diffère de celle des parents plus âgés.,Période argot.
Chapter 3,毛蓝布,Tissu de coton bleu brut,"Enfant, il portait un pantalon de coton bleu brut.",Période terme matériel.
Chapter 3,喇叭裤,pantalon à fond de cloche,Les Bell-bottoms étaient très populaires dans les années 1970.,Histoire de la mode.
Chapter 4,蜗牛,escargots; rythme lent (métaphore),L'auteur utilise l'escargot comme métaphore pour vivre lentement dans une société à rythme rapide.,La métaphore centrale dans la leçon.
Chapter 4,七荤八素,étourdissements; dans un désordre complet,Plusieurs jours d'heures supplémentaires le laissaient complètement désorienté.,Idiome de colloque.
Chapter 4,怨艾,ressentiment; amertume,Ne gardez pas le ressentiment sur le passé; apprendre à laisser aller les choses plus importantes.,Nom littéraire.
Chapter 4,闲者,personne libre; inactif,Ceux qui ont le loisir ont le temps d'observer les détails de la vie.,Terme d'essai philosophique.
Chapter 4,连声,en succession rapide; plusieurs fois,Le public applaudit à plusieurs reprises; l'atmosphère était vive.,Adverbe.
Chapter 4,赞许,approuver; éloges,Le professeur a loué son attitude ferme et sérieuse envers l'étude.,Évaluation positive.
Chapter 4,属,appartenir à; relever de,Cette question appartient à la discussion sur le mode de vie et ne doit pas être trop politisée.,Beaucoup de sens; dépendant du contexte.
Chapter 4,版,édition; version,Le livre a une édition révisée avec un contenu plus précis.,Terme de publication.
Chapter 4,足以,suffisamment pour; assez pour,Quelques exemples suffisent pour illustrer son point de vue.,Formel.
Chapter 4,接轨,se connecter à (normes); intégrer,Le développement urbain doit s'aligner sur les concepts verts.,Souvent économique/normes.
Chapter 4,步伐,rythme; marche,Nous devrions ajuster notre rythme et ne pas tout précipiter.,Littérale et figuratif.
Chapter 4,提速,accélérer; accélérer,"Après la montée du rail à grande vitesse, le temps de déplacement a été considérablement réduit.",Durée de vie moderne.
Chapter 4,超速,vitesse; dépasser la limite de vitesse,La vitesse est très dangereuse et doit être arrêtée.,Terme de circulation.
Chapter 4,镜头,objectif de la caméra; prise de vue,La caméra a lentement balayé la rue vide.,Vocabulaire des médias.
Chapter 4,隐去,cache; s'efface de la vue,"Au crépuscule, les montagnes lointaines s'estompaient progressivement de vue.",Littéraire.
Chapter 4,起身,se lever; lever,"Il s'est levé pour fermer la fenêtre, et la chambre est devenue calme.",Une motion quotidienne.
Chapter 4,卡,Carte bloquée (sens du mot-prêt),"L'ordinateur a gelé à nouveau, donc il a dû arrêter le travail.",Colloque technique.
Chapter 4,家人,membres de la famille,"Peu importe l'activité, réservez du temps à la famille.",Terme familial chaud.
Chapter 4,恋人,amour; amour,Le couple marchait lentement au coucher du soleil.,Terme relationnel.
Chapter 4,书信,lettre; correspondance,Il est resté en contact avec des amis éloignés par des lettres.,Communication traditionnelle.
Chapter 4,灶,cuisinière de cuisine; foyer,La bouilloire sur le poêle a bouilli avec un son doux.,Image de la vie à la maison.
Chapter 4,往日,anciens jours; le passé,"À l'époque, la famille se réunissait autour du poêle.",Nostalgique.
Chapter 4,阖家,toute la famille,Spring Festival est un moment important pour toute la famille de se réunir.,Formelle/écrite.
Chapter 4,进餐,prendre un repas; dîner,Manger lentement et bien mâcher aide à la digestion.,Formel pour manger.
Chapter 4,天伦之乐,bonheur familial; joie domestique,Rentrer à la maison le week-end apporte joie familiale et détente.,Idiom familial.
Chapter 4,追忆,rappel; rappel,Il s'est souvenu du rythme plus lent de la vie dans le passé.,Mémoire littéraire.
Chapter 4,场景,scène; réglage,La description de scène à l'ouverture est très délicate.,Terme narratif.
Chapter 4,弹簧,ressort; rebondir (métaphore),"Un ressort rebondit après la pression, comme le rythme de la vie.",métaphore physique dans le texte.
Chapter 4,松弛,Relax; desserrer,Le week-end a détendu ses nerfs tendus.,En face du temps.
Chapter 4,有心,intentionnellement; attentif,"Il voulait ralentir, mais les appels au travail ont été interrompus.",Intention ou soins.
Chapter 4,放缓,Ralentissement; facilité,La ville a commencé à préconiser un rythme de vie plus lent.,Terme politique/de style de vie.
Chapter 4,步子,étape; rythme,"Ses pas ralentissent, et les scènes de rue deviennent plus claires.",Colloquial.
Chapter 4,人潮,foule; flux de personnes,"À l'heure de pointe, les foules surgissent et le métro est bondé.",Imagerie urbaine.
Chapter 4,蒸汽机,Moteur à vapeur,Le moteur à vapeur a changé la façon dont les humains produisent des biens.,Histoire industrielle.
Chapter 4,原意,signification originale; intention,La citation hors contexte déforme l'intention initiale de l'auteur.,Interprétation du texte.
Chapter 4,劳动力,main-d'oeuvre; main-d'oeuvre,L'âge de la vapeur a libéré de grandes quantités de travail.,Terme économique.
Chapter 4,随之而起,se lèvent avec elle,"De nouvelles technologies sont apparues avec elle, et le rythme de la vie a continué à s'accélérer.",Une séquence formelle.
Chapter 4,休闲,Loisirs; détente,"Le week-end, il aime lire et se détendre à la maison.",Mode de vie moderne.
Chapter 4,增,augmentation; ajouter,La population urbaine a continué d'augmenter ces dernières années.,Souvent en composés.
Chapter 4,后期,phase ultérieure; dernière période,Cet essai a été fortement révisé à son stade ultérieur.,Période.
Chapter 4,大大,grandement; considérablement,La nouvelle politique a considérablement raccourci le délai d'approbation.,Intensificateur de colloquial.
Chapter 4,精简,simplifier; simplifier,La rationalisation des réunions laisse plus de temps à réfléchir.,Efficacité positive.
Chapter 4,冷冰冰,froid glacé; froid (porteur),"Derrière les données glaciales, il y a encore de la chaleur humaine.",Une récurrence.
Chapter 4,失却,perte; perte,Le rythme rapide nous a fait perdre patience pour la conversation lente.,Littéraire.
Chapter 4,浪漫,romantique,Il garde toujours un peu d'amour et aime marcher la nuit.,Une esthétique positive.
Chapter 4,悠闲,loisir; insouciant,La vie dans la petite ville est tranquille; le temps semble ralenti.,La vie idéale est lente.
Chapter 4,节奏,rythme; rythme,Trouver votre propre rythme compte plus que la vitesse aveugle.,Thème central du cours.
Chapter 4,目眩,étourdissements; éblouissements,Les néons éblouissent les yeux et peuvent faire perdre la direction.,Sensation physique.
Chapter 4,递增,augmentation progressive,La pression urbaine augmente d'année en année et doit être équilibrée.,Description des tendances.
Chapter 4,分秒必争,Chaque minute compte; course contre le temps,Il se bat contre le temps au travail et s'arrête rarement pour se reposer.,Mode de vie occupé.
Chapter 4,视为,considérer comme; traiter comme,Beaucoup considèrent l'activité comme un signe de succès.,Formel.
Chapter 4,等同,égal à; être égal à,L'efficacité ne peut être assimilée à la richesse de l'humanité.,Comparaison.
Chapter 4,懒惰,Paresseux,Vivre lentement ne veut pas dire paresse.,Souvent négatif.
Chapter 4,资讯,Informations; nouvelles,"Plus nous avons d'informations, plus nous devons apprendre à la filtrer.",Terme médiatique moderne.
Chapter 4,快捷,rapide et pratique,Fast n'est pas la même que la haute qualité; connaissez votre objectif.,La vie moderne.
Chapter 4,回报,récompense; retour,Les gens travaillent et s'attendent à un retour raisonnable.,Économique/social.
Chapter 4,理财,gestion des finances; planification financière,Une bonne planification financière contribue à réduire la pression sur la vie.,Des compétences modernes.
Chapter 4,忙碌,occupé; trépidant,Il est occupé toute la journée mais se repose rarement vraiment.,Etat commun.
Chapter 4,鼓吹,préconiser; prêcher (souvent négatif),Les médias ne devraient pas prêcher aveuglément une consommation élevée.,Souvent critique.
Chapter 4,高消费,consommation élevée,Une consommation élevée n'apporte pas nécessairement le bonheur.,Mode de vie économique.
Chapter 4,模式,modèle; modèle; mode,Nous devons réfléchir à notre modèle de vie actuel.,Cadre abstrait.
Chapter 4,需求,demande; besoin,"Les besoins humains ne sont pas seulement matériels, mais aussi spirituels.",Économique/psychologique.
Chapter 4,最多,au maximum; maximum,Ce tronçon prend au plus vingt minutes à pied.,Limiter l'expression.
Chapter 4,栋,mesure mot pour les bâtiments,Un vieux bâtiment se tenait tranquillement au coin de la rue.,Mesurez le mot.
Chapter 4,传媒,Médias,Les médias façonnent comment les gens imaginent la vie rapide et lente.,La société moderne.
Chapter 4,豪华,luxueux; somptueux,"Le luxe n'est pas le même que le confort, encore moins le bonheur.",La critique de la consommation.
Chapter 4,渺小,minuscule; insignifiant,"Dans la foule urbaine, l'individu semble minuscule.",Peut être humble ou négatif.
Chapter 4,寒酸,shabby; de mauvais goût,Ne vous moquez pas de la robe shabby; respectez les choses plus.,Souvent sur l'apparence.
Chapter 4,呈现,présent; montrer,L'œuvre présente les contradictions de la vie moderne.,Affichage officiel.
Chapter 4,上流社会,classe supérieure; société haute,Le roman contraste la haute société avec la base.,Terme de classe sociale.
Chapter 4,似,paraître; comme,La nuit était semblable à l'encre; les lampadaires parsemaient la route.,Copula littéraire.
Chapter 4,伸手可及,à portée de main,Les installations pratiques mettent beaucoup de choses à portée de main.,La proximité figurative.
Chapter 4,遥遥无期,dans un avenir indéfini; nulle part en vue,"Si on ne fait que précipiter le présent, le repos recule indéfiniment.",Attendez.
Chapter 4,昔日,anciens jours; dans le passé,L'ancienne ruelle est devenue une rue commerciale.,Forme nostalgique.
Chapter 4,引发,déclencheur; étincelle,Cet essai a suscité des discussions sur la vie lente.,Cause-effet.
Chapter 4,亡命,fuir pour sa vie; désespéré,Le texte n'encourage pas la précipitation désespérée et risquée.,Mot fort; lié au contexte.
Chapter 4,疾奔,ruée; sprint,"Il a sprinté pour le métro, mais il l'a raté.",Une motion urgente.
Chapter 4,急剧,rapide; tranchant,Le rythme de la vie s'accélère brusquement; beaucoup se sentent anxieux.,Adverbe d'intensité.
Chapter 4,欲念,désir; envie,Les publicités grand public suscitent facilement les désirs des gens.,Philosophie/psychologique.
Chapter 4,刻意,délibérément; intentionnellement,Il a délibérément ralenti son discours pour que les auditeurs entendent chaque mot.,effort intentionnel.
Chapter 4,足够,suffisant; suffisant,Laisser suffisamment de temps pour dormir chaque jour pour que le corps se rétablisse.,C'est parfait.
Chapter 4,整日,toute la journée,Il fait face à l'ordinateur toute la journée et ses yeux sont fatigués.,Durée.
Chapter 4,预测,prévision; prévision,Personne ne peut prévoir avec précision les tendances de la saison prochaine.,Estimation future.
Chapter 4,闲暇,temps libre; temps libre,"Avec le loisir de marcher, on remarque des arbres et des fleurs le long de la route.",Temps libre positif.
Chapter 4,起码,au moins; minimum,Au moins sept heures de sommeil par jour.,Colloquial minimum.
Chapter 4,沮丧,découragé,L'épuisement à long terme l'a un peu découragé.,Émotionnel bas.
Chapter 4,过于,trop; aussi,"En poursuivant la vitesse, on ignore le processus.",Marqueur excédentaire.
Chapter 4,乐观,optimiste,Restez optimiste tout en faisant face aux pressions de la vie honnêtement.,Un état d'esprit positif.
Chapter 4,层次,niveau; couche,La lecture devrait avoir de la profondeur; la vitesse à elle seule ne suffit pas.,Durée de la structure.
Chapter 4,专利,brevet; droit exclusif,La technologie des brevets a entraîné un développement industriel rapide.,Droit/affaires.
Chapter 4,稀世珍品,Trésor rare,Le musée présente des trésors rares.,Une forte rareté.
Chapter 4,快速,rapide; rapide,Le transport rapide raccourcit la distance mais compresse le sens du temps.,Mot-clé moderne.
Chapter 4,误导,tromperie,La publicité ne devrait pas induire le public en erreur.,L'influence négative.
Chapter 4,率先,prendre la tête; être le premier,Il a été le premier à suggérer de ralentir le rythme de l'équipe.,Leadership.
Chapter 4,质疑,question; défi,Les lecteurs ont le droit de remettre en question les conclusions de l'essai.,La pensée critique.
Chapter 4,美食,Alimentation gastronomique; fine nourriture,Ce n'est qu'en ralentissant qu'on peut vraiment savourer la nourriture fine.,Mode de vie positif.
Chapter 4,著称,être connu pour; être célèbre pour,Cette ville est connue pour sa cuisine.,Une réputation formelle.
Chapter 4,抵制,résister; boycotter,Il essaie de résister à la culture des heures supplémentaires.,Une opposition active.
Chapter 4,崇尚,défendre; soutenir; révérer,Plus de gens défendent un style de vie simple.,Valeur positive.
Chapter 4,批量,en lots; masse,La production de masse augmente l'efficacité mais réduit l'individualité.,Terme industriel.
Chapter 4,全球,mondial; mondial,Les connexions mondiales accélèrent la diffusion de l'information.,Portée internationale.
Chapter 4,众人,la foule; tout le monde,"La foule se précipite, regardant rarement le ciel.",Nom collectif.
Chapter 4,餐桌,Table à manger,La table à manger est un endroit important pour la conversation familiale.,Culture domestique.
Chapter 4,廉价,bon marché; bon marché,La commodité économique n'est pas une excuse pour négliger la santé.,Descripteur économique.
Chapter 4,单一,simple; monotone,La vie ne doit pas être trop monotone; une expérience variée est nécessaire.,Manque de variété.
Chapter 4,由此,de ce fait; ainsi,Il est donc clair que la vitesse n'est pas la seule norme.,Connecteur logique.
Chapter 4,派生,dérive; frai,De nombreux termes en ligne dérivent de mots plus anciens.,Linguistique/abstrait.
Chapter 4,专用,dédié; pour une utilisation spéciale,Cette voie est dédiée aux bus.,Usage exclusif.
Chapter 4,通道,passage; canal,Les foules traversent constamment le passage du métro.,Infrastructure.
Chapter 4,绿化,écologisation; boisement,L'écologisation communautaire donne aux résidents plus d'espace pour marcher.,Environnement.
Chapter 4,霓虹灯,feu néon; signe néon,Les lumières néon éclairent la nuit et symbolisent l'agitation urbaine.,Imagerie de la ville.
Chapter 4,有机耕种,agriculture biologique,"L'agriculture biologique attire l'attention, reflétant la sensibilisation à la santé.",Terme agricole.
Chapter 4,作坊,atelier,Quelques ateliers traditionnels de tofu restent dans la vieille ville.,Production artisanale.
Chapter 4,标记,marque; étiquette,Il a marqué l'itinéraire lent sur la carte.,Signe/étiquette.
Chapter 4,穿插,entremêlés; entremêlés,De brèves pauses peuvent être entrecoupées tout en écrivant.,Narratif/tableau.
Chapter 4,建筑物,bâtiment; structure,Les bâtiments historiques ont besoin d'une protection adéquate.,Architecture.
Chapter 4,智者,sage; sage,Les sages savent choisir entre rapide et lent.,Ton classique.
Chapter 4,远远,loin; loin,"Loin, les montagnes ressemblent à de la peinture à l'encre.",Adverbe de distance.
Chapter 4,古人,les anciens; les vieux,"Les anciens disent que la précipitation fait du gaspillage, encore illumination.",Référence classique.
Chapter 4,中外,Chine et étranger; national et international,Il existe des différences de rythme urbain entre la Chine et l'étranger.,Portée comparée.
Chapter 4,绝代,sans égal; sans pairs,Cette chanteuse est saluée comme sans pair.,Forte louange.
Chapter 4,大师,maître; grand maître,Les maîtres restent souvent calmes et ne se précipitent pas dans le succès.,Très honorable.
Chapter 4,幸好,Heureusement; heureusement,"Heureusement, il s'est arrêté à temps et a évité un accident.",Des secours.
Chapter 4,觉醒,éveil; prendre conscience,Il s'éveilla à la conscience de vivre vite.,La conscience.
Chapter 4,盒饭,repas en boîte; boîte à déjeuner,Les employés de bureau mangent souvent des repas en boîte pour gagner du temps.,Fast-food urbain.
Chapter 4,饭局,dîner de réunion; rendez-vous de repas,Il a tellement de dîners qu'il mange rarement à la maison.,Dîner social.
Chapter 4,共享,partage; partage du sens de l'économie,Les vélos partagés sont pratiques mais soulèvent aussi des problèmes de gestion.,Économie moderne.
Chapter 4,应酬,obligations sociales; sorties mondaines,Réduire les engagements sociaux inutiles libère plus de temps de repos.,Obligation sociale.
Chapter 4,新世纪,nouveau siècle; le 21ème siècle,"Depuis le nouveau siècle, les technologies de l'information ont progressé rapidement.",Période.
Chapter 4,丁克族,"DINK (double revenu, pas d'enfants)",Les couples DINK se concentrent davantage sur le temps personnel et la qualité de vie.,Label social.
Chapter 4,流水作业线,Ligne de montage,La ligne de montage a augmenté la sortie et a également rendu les gens plus occupés.,Image industrielle.
Chapter 4,电子革命,révolution numérique/électronique,La révolution électronique a changé la façon dont les gens travaillent.,Histoire technique.
Chapter 4,E时代,E-ère; ère numérique,"Dans l'ère électronique, les informations sont mises à jour extrêmement rapidement; il faut apprendre à filtrer.",Durée.
Chapter 4,农业社会,société agraire,La vie dans la société agraire était relativement lente.,Sociologie historique.
Chapter 4,工业社会,société industrielle,La société industrielle insiste sur l'efficacité et la normalisation.,Sociologie historique.
Chapter 4,中产生活,Mode de vie de la classe moyenne,"La vie de classe moyenne poursuit la qualité, mais aussi fait face à la pression.",Strate sociale.
Chapter 4,跑狗场,piste de course lévrier,Le texte mentionne des traces de lévriers pour contraster le divertissement urbain et le rythme.,Référence culturelle régionale.
Chapter 4,长潮,tendance à long terme,"Après une longue tendance à la consommation, les gens ont commencé à réfléchir.",Utilisation spécifique au texte.
Chapter 5,上天,Ciel; le ciel,Elle regarda vers le ciel et pria silencieusement pour sa mère.,Selon le contexte.
Chapter 5,印证,confirmer; corroborer,Plus tard l'expérience a confirmé son inquiétude il y a des années.,Vérification.
Chapter 5,依赖,de dépendre; compter sur,Les enfants adultes ne devraient pas trop compter sur les parents.,Peut être neutre ou négatif.
Chapter 5,其间,pendant cette période; parmi eux,"Pendant ce temps elle a vécu beaucoup, mais a rarement dit aux autres.",Temps/espace formel.
Chapter 5,回绝,refus; refus,Il refusa poliment l'invitation déraisonnable.,Refus formel.
Chapter 5,庆贺,féliciter; célébrer,Des parents et des amis sont venus le féliciter pour son entrée à l'université.,Festive.
Chapter 5,倾心,se consacrer; tomber pour,Elle s'est dévouée à s'occuper de sa mère sans se plaindre.,La dévotion émotionnelle.
Chapter 5,敏感,sensibles,L'enfant est très sensible aux changements d'humeur de la mère.,Psychologique/social.
Chapter 5,清香,parfum délicat,"Ouvrir les pages, une délicate fragrance s'est déroutée.",Image sensorielle.
Chapter 5,俗不可耐,vulgaire; insupportable,Ces propos élogieux sont insupportablement vulgaires.,Forte critique.
Chapter 5,比喻,métaphore; analogie,L'auteur compare l'amour maternel au soleil de printemps.,Appareil rhétorial.
Chapter 5,爱称,terme de l'affection; nom de l'animal,Le nom de l'enfant pour Mère semblait particulièrement doux.,L'intimité familiale.
Chapter 5,抚摸,AVC; caresse,Elle a frappé l'ancien livre comme si elle fouillait un souvenir.,Touche douce.
Chapter 5,羽毛,plume,"Une plume est tombée sur la page, presque sans poids.",Lumière littéraire ou figurative.
Chapter 5,诗集,recueil de poésie,Cette collection de poésie contient des notes de Mère.,Objet littéraire.
Chapter 5,尘封,être recouverts de poussière; rester inutilisés,Les livres sur l'étagère supérieure avaient longtemps été recouverts de poussière.,État négligé.
Chapter 5,意味深长,sensée; profonde,Maman lui a donné un regard significatif et n'a rien dit.,Profondeur subtile.
Chapter 5,此时,en ce moment; maintenant,"En ce moment, seul le son des pages tournées remplissait la pièce.",Pointeur de temps.
Chapter 5,有意识,consciemment; délibérément,Il a consciemment passé plus de temps avec sa mère.,Action intentionnelle.
Chapter 5,而已,Rien de plus; c'est tout,"Je te rappelle juste, c'est tout – ne réfléchis pas trop.",Partition finale de la peine.
Chapter 5,营造,créer; favoriser (l'atmosphère),Un éclairage chaud a créé une atmosphère calme et confortable.,Souvent un objet abstrait.
Chapter 5,胳膊肘,coude,Il a mis ses coudes sur le bureau et a lu attentivement.,Partie du corps; colloque.
Chapter 5,在场,être présent; sur les lieux,Tous les présents ont été émus par ses paroles.,Présence.
Chapter 5,影集,album photo; série TV,L'album photo enregistre le jeune sourire de Mère.,Objet mémoire.
Chapter 5,指点,conseiller; guider,Le professeur l'a guidé sur la façon de lire le poème à haute voix.,Ça peut être littéral.
Chapter 5,讲解,expliquer; conférence,Il a expliqué la signification de chaque ligne à l'enfant.,Enseignement.
Chapter 5,无知,ignorant; ignorant,Ne faites pas de mal aux sentiments des proches par ignorance.,Souvent négatif.
Chapter 5,捂,couverture (avec main); tenir,"Il a couvert sa bouche, craignant que le rire dérange Mère.",Un geste physique.
Chapter 5,浏览,parcourir; skim,"Il a parcouru l'album, tournant page après page.",Lecture rapide.
Chapter 5,花花绿绿,coloré; gaudy,L'enfant aime les livres d'images colorés.,Une récurrence.
Chapter 5,书脊,colonne vertébrale (d'un livre),Le titre de la collection de poésie est sur la colonne vertébrale.,Livre.
Chapter 5,微微,légèrement; faible,Elle a légèrement hurlé pour montrer son accord.,Doux degré.
Chapter 5,默契,compréhension tacite; rapport,Entre la mère et l'enfant il y a rapport sans beaucoup de mots.,Un lien positif.
Chapter 5,敏捷,agile; rapide,L'enfant réfléchit rapidement et pose des questions intéressantes.,Capacité positive.
Chapter 5,微妙,subtil; délicat,Le lien mère-enfant comporte de nombreux aspects subtils.,Belle nuance.
Chapter 5,陶醉,être enivré (de); être transporté,Il était perdu au rythme de la poésie.,Immersion.
Chapter 5,纯属,purement; rien que,Ce n'est qu'un malentendu – s'il vous plaît ne soyez pas en colère.,Accent.
Chapter 5,天意,La volonté de Dieu; le destin,Il croyait que leur rencontre était le destin.,Concept du destin.
Chapter 5,匆匆,précipitamment; dans une précipitation,Il a dit au revoir et est parti à l'examen.,Vite.
Chapter 5,落实,mettre en œuvre; concrétiser,Le plan est établi; la clé est la mise en œuvre.,Durée du travail.
Chapter 5,竭力,Faites le maximum,Elle a fait de son mieux pour s'occuper de Mère et ne s'est jamais plainte.,Fort effort.
Chapter 5,劝阻,dissuade; conseiller contre,"La famille l'a dissuadé de rester debout tard, mais il a insisté pour finir ses devoirs.",Persuasion d'arrêter.
Chapter 5,察觉,détecter; prendre conscience,Il a remarqué que maman semblait fatiguée aujourd'hui.,Perception.
Chapter 5,字迹,écriture,L'écriture de maman était nette et forte.,Une trace écrite.
Chapter 5,潦草,insouciants; négligents (écriture),La note était si brouillée qu'elle était à peine lisible.,Qualité négative.
Chapter 5,字条,note; feuillet écrit,Mère a laissé un mot sur le bureau.,Court message.
Chapter 5,对视,Regardez-vous.,"Mère et enfant se regardaient, larmes dans les yeux.",Scène émotionnelle.
Chapter 5,无地自容,Si seulement le sol en avalait un,"Se rappelant son ignorance, il avait honte.",Une grande honte.
Chapter 5,将近,presque; presque,"Il était presque minuit, mais la lumière était toujours allumée.",Rapprochement.
Chapter 5,音响,système audio; stéréo,Il a allumé la stéréo et a joué de la musique que Mère aimait.,Appareil audio.
Chapter 5,播放,jeu (audio/vidéo),S'il vous plaît jouer cet enregistrement une fois.,Verbe médiatique.
Chapter 5,美妙,merveilleux; beau,La musique est merveilleuse et calme.,Une louange esthétique.
Chapter 5,舒缓,apaisant; ralenti,La mélodie apaisante ressemblait à la caresse de Mère.,Calme.
Chapter 5,乐曲,pièce musicale; composition,Cette pièce l'accompagnait pendant de nombreuses nuits.,Terme musical.
Chapter 5,致命,fatal; mortel,Une erreur fatale peut détruire la confiance.,Souvent figuratif.
Chapter 5,空无一人,complètement vide; personne autour,"La salle de classe était vide, sauf le vent.",Une scène déserte.
Chapter 5,缝,fissure; couture; point de suture,La lumière est venue par la porte craquer sur les pages.,Polysémieux; contexte pour la lecture.
Chapter 5,音量,volume (son),Veuillez baisser le volume afin de ne pas déranger les autres.,Contrôle audio.
Chapter 5,调,réglage; accord,Il a ajusté la stéréo pour que le son soit plus doux.,Polysémeux.
Chapter 5,诸如,comme:,La lecture et la marche peuvent aider à se détendre.,Un exemple formel.
Chapter 5,老太婆,vieille femme (colloque),Le voisin âgé raconte souvent des histoires à l'enfant.,Colloque; utiliser respectueusement dans le contexte.
Chapter 5,年幼,jeunes; d'âge tendre,Il a perdu son père jeune et a été élevé par sa mère.,Description par âge.
Chapter 5,心烦意乱,perturbé et confus,"Avec des examens proches, il se sentait contrarié et distrait.",Des troubles émotionnels.
Chapter 5,一时间,pendant un certain temps; à un moment,Pendant un moment la chambre était si calme que seule la pluie pouvait être entendue.,Un moment temporaire.
Chapter 5,垮,s'effondrer; se décomposer,Rester debout tard à plusieurs reprises l'a complètement épuisé.,L'effondrement physique/mental.
Chapter 5,思绪,pensées; train de pensée,"À l'écoute de la pluie, ses pensées s'éloignèrent.",Flux mental.
Chapter 5,纷纷扬扬,"tourbillonnant et flutter (neige, feuilles)",La neige flottait devant la fenêtre alors qu'il continuait à lire.,Reduplication littéraire.
Chapter 5,延伸,s'étendre; se prolonger (dans l'espace),"Le sentier s'étendait jusqu'à la rivière, se terminant par un vieux arbre.",Espace ou abstrait.
Chapter 5,绝望,désespoir; sans espoir,Ne désespérez pas lorsque vous rencontrez des difficultés; cherchez de l'aide.,Forte négative.
Chapter 5,光亮,lumière; luminosité,La lampe est tombée sur la photo de Mère.,Nom clair.
Chapter 5,急步,marches rapides; dépêchez-vous,"Il s'est précipité à la gare, mais il a raté le bus.",Une marche rapide.
Chapter 5,暗影,ombre; silhouette sombre,Les ombres d'arbre jettent de longues formes sombres sur le sol.,Image littéraire.
Chapter 5,应有尽有,avoir tout ce qu'on devrait avoir,La bibliothèque a tous les livres qu'on pourrait vouloir.,Complètement.
Chapter 5,像模像样,présentable; d'apparence décente,L'enfant versa une tasse de thé à Mère d'une manière présentable.,Félicitations pour le colloque.
Chapter 5,包办,prendre le relais; arranger tout,Mère n'a pas tout arrangé pour lui; elle a seulement conseillé.,Souvent surcontrol sens.
Chapter 5,使命,mission; appel,Il voyait sa mère comme sa mission.,Un devoir sérieux.
Chapter 5,以往,par le passé; autrefois,"Dans le passé, il a rarement exprimé des sentiments; maintenant il a appris.",Autrefois.
Chapter 5,调侃,taquiné; banter,Des amis l'ont taquiné à propos d'être filial ; il a hurlé d'un sourire.,Légère humour.
Chapter 5,急于,désireux de; en hâte de,Ne vous précipitez pas vers les conclusions; écoutez d'abord.,Marqueur de précipitation.
Chapter 5,描述,décrire; représenter,Il a essayé de décrire le sourire de Mère en mots.,Narration.
Chapter 5,来人,visiteur; quelqu'un qui vient,Quelqu'un a frappé doucement et il est allé ouvrir la porte.,Visiteur.
Chapter 5,验证,vérifier; confirmer,L'expérience a confirmé son hypothèse.,Scientifique/logique.
Chapter 5,顺道,sur le chemin; en passant,Il s'est arrêté à la librairie en chemin et a acheté une collection de poésie.,Pratique.
Chapter 5,投机,bien s'entendre; spéculatif (autre sens),Ils ont si bien parlé qu'ils ont oublié le temps.,Le contexte désapprouve.
Chapter 5,属实,être vrai; vérifié,"En vérifiant, il a dit vrai.",Vérification formelle.
Chapter 5,得劲,confortable; satisfaisant,Ces vêtements sont très confortables.,Colloque nordique.
Chapter 5,自在,à l'aise; insouciant,"À la maison, il est à l'aise, comme dans l'enfance.",État de confort.
Chapter 5,频繁,fréquent; souvent,Il rentre souvent chez lui pour rendre visite à sa mère.,Haute fréquence.
Chapter 5,甜蜜,doux; heureux,Les souvenirs d'enfance contiennent de nombreux détails doux.,Une émotion positive.
Chapter 5,借故,faire une excuse; utiliser comme prétexte,"Il a fait une excuse pour partir, donnant de l'espace à la mère et à l'enfant.",Prétexte.
Chapter 5,顺从,obéir; se conformer,Il s'est conformé aux conseils de Mère et a choisi une université normale.,Obédience.
Chapter 5,予以,subvention; donner,L'école lui a décerné un prix pour encourager d'autres efforts.,Verbe formel.
Chapter 5,筹备,préparer; arranger,La famille prépare la fête d'anniversaire de Mère.,Planification.
Chapter 5,一声不吭,Ne prononcez pas un mot; restez silencieux,Il n'a pas prononcé un mot et a retenu ses larmes.,Silence.
Chapter 5,喜气洋洋,rayonnant de joie,Toute la famille rayonnait quand il est entré à l'université.,La joie festive.
Chapter 5,来宾,invité; participant,Les invités ont pris place et le mariage a commencé.,Invité officiel.
Chapter 5,玩具熊,ours en peluche,L'enfant s'est endormi sur le canapé en accouchant un ours en peluche.,Objet d'enfance.
Chapter 5,中等专业学校,secondaire spécialisé,Mère est diplômée d'une école secondaire spécialisée et est devenue plus tard enseignante.,Établissement d'enseignement.
Chapter 5,在自己的眼皮底下,juste sous le nez,"Le changement s'est produit sous son nez, mais il n'a pas remarqué.",Idiome de colloque.
Chapter 5,教研室,Bureau d'enseignement et de recherche,Mère est restée tard au bureau d'enseignement pour préparer les leçons.,Établissement scolaire.
Chapter 5,泰戈尔,Tagore (poète indien),Il a lu la poésie de Tagore pendant que Mère écoutait tranquillement.,Nom propre.
Chapter 5,认认门,visite pour découvrir un lieu/une famille,"Pendant les vacances, il a emmené l'enfant visiter et rencontrer l'enseignant.",Visite de colloque.
Chapter 5,百日照,photo prise le 100e jour d'un bébé,L'album a sa photo de bébé de 100 jours avec un doux sourire.,Une coutume familiale.
Chapter 5,什么人什么命,C'est beaucoup dans la vie.,"L'aîné soupirait de sa vie, mais avec affection.",Colloque fataliste.
