Chapter,Grammar Point,use_case,example_1_en,example_2_en,example_3_en
Chapter 3,就算……也……,"Concesiva hipotetica: ""incluso si"". Es la forma mas coloquial y comun en el chino hablado diario. Se usa para escenarios hipoteticos realistas que no cambian el resultado.","Incluso si manana llueve muy fuerte, igual tenemos que ir a escalar la montana.","Aunque no lo digas, igual puedo adivinar quien lo hizo.","Aunque no apruebes este examen, no puedes perder la confianza."
Chapter 3,即便……也……,"Concesiva hipotetica: ""incluso si / aunque"". Es mas formal y escrita que 就算, con un tono mas objetivo, frecuente en noticias o contextos formales.","Aunque enfrente una gran presion economica, la empresa no deberia bajar la calidad del producto.","Incluso con una tecnica excelente, sin esfuerzo no puedes ganar el campeonato.","Aunque hayan pasado muchos anos, esos bellos recuerdos de la infancia siguen igual de claros."
Chapter 3,哪怕……也……,"Concesiva hipotetica: ""incluso si"" con carga emocional fuerte de determinacion, sacrificio o disposicion a enfrentar el peor escenario.","Aunque solo haya un uno por ciento de esperanza, debemos dar el cien por ciento de esfuerzo.","Para cumplir su sueno, aunque tenga que sufrir mucho, siente que vale totalmente la pena.","Aunque todo el mundo se oponga, voy a mantener mi eleccion."
Chapter 3,纵然……也……,"Concesiva hipotetica: ""incluso si / aunque"". Es la opcion mas literaria, formal y poetica del grupo; rara en el habla cotidiana y comun en literatura y ensayos.","Aunque haya miles de montanas y rios de por medio, nada puede impedir que vuelva a casa.","Aunque tenga muchisimos defectos, no deberias golpearlo delante de todos.","El encanto de la literatura clasica no se desvanecera, aunque pasen cientos o miles de anos."
Chapter 3,多多,"Uso 1: adverbio antes del verbo con sentido de ""hacer mas"". Se usa en peticiones corteses, correspondencia formal o consejos.",Este es un proyecto totalmente nuevo; por favor apoyennos mucho de ahora en adelante.,El diseno del nuevo producto inevitablemente tiene fallas; esperamos mucha comprension de parte de los expertos.,"Al llegar a la nueva escuela, debes comunicarte mucho con tus companeros para adaptarte cuanto antes."
Chapter 3,多多,"Uso 2: posmodificador con sentido de ""y mas"" o en el modismo 多多益善: ""cuanto mas, mejor"".","Este tipo de suministros de rescate es de ""cuanto mas, mejor""; mientras mas haya, mejor.","Si puedes aprender habilidades reales, ¿que importa pasar por muchas dificultades?","Cuando se trata de presupuesto para libros, para mi es ""cuanto mas, mejor""."
Chapter 3,动词+不再,"Marcador de cese: ""ya no + verbo"" o ""dejar de + verbo"". Marca el fin definitivo de una accion o estado que antes existia.","Tras oir la buena noticia, su ansiedad desaparecio por completo y ya no volvio.",La juventud se va y no vuelve; debemos valorar los buenos momentos del presente.,"Con la nueva normativa, el proceso de aprobacion antes engorroso se simplifico y dejo de existir como tal."
Chapter 3,动词+免不了,"Marcador de inevitabilidad: ""inevitable"", ""estar destinado a"" o ""no poder evitar"". Indica que un resultado o reaccion es natural e imposible de impedir.","La primera vez que un principiante conduce en la via publica, es inevitable sentirse algo nervioso.","Cuando dos personas con personalidades opuestas viven juntas, es inevitable que surjan roces.","Como su descuido causo perdidas a la empresa, esta vez no podra evitar la critica del gerente."
Chapter 3,八成/七成/九成/X成,Uso 1: describe porcentajes exactos o proporciones literales; cada 成 equivale al 10% del total.,Las encuestas muestran que casi el 70% de los empleados de esta empresa estan satisfechos con su salario actual.,"Este ano, por el clima, la produccion de manzanas en el huerto bajo alrededor de un 20%.",El contrato estipula que tu tomas el 60% de las ganancias del proyecto y yo el 40%.
Chapter 3,八成/七成/九成/X成,"Uso 2: adverbio coloquial de probabilidad, ""muy probablemente"" (normalmente con 八成 o 九成), con alta confianza subjetiva.","El cielo esta tan oscuro que, muy probablemente, va a caer un aguacero.",Todavia no responde el mensaje; yo diria que con muchisima probabilidad se le olvido este asunto.,"Viendolo distraido todo el dia, muy probablemente tuvo algun problema que le preocupa."
Chapter 3,就此XX,"Adverbio formal: ""en este punto"", ""desde aqui"", ""en este mismo momento"". Senala que algo termina, empieza o cambia justo en esta coyuntura.","Tras negociaciones amistosas, ambas partes decidieron cerrar el acuerdo de cooperacion en ese mismo momento.","Por un pequeno malentendido, su amistad termino ahi mismo, algo realmente lamentable.",No peleemos mas por el pasado; dejemos que los rencores queden saldados desde ahora.
Chapter 3,无可XX,"Prefijo estructural negativo: ""no hay manera de..."" o ""nada puede ser + verbo"". Se combina con verbos transitivos para formar expresiones formales.","Ante este golpe repentino, mostro una sonrisa de total impotencia.","Su analisis tiene pruebas contundentes, asi que la conclusion es incuestionable.","Ante preguntas sobre secretos comerciales de la empresa, el portavoz declaro que no podia hacer comentarios."
Chapter 4,足以,"Uso 1: modifica acciones con el sentido de ""suficiente para"". Indica que se alcanza el umbral necesario para desencadenar un resultado.",La experiencia laboral que ha acumulado estos anos es suficiente para desempenar el puesto de supervisor.,Solo esta prueba contundente basta para derribar todas las mentiras previas del acusado.,La hermosa melodia de piano que suena afuera basta para calmar toda su ansiedad interior.
Chapter 4,足以,Uso 2: estructuras negativas o retoricas (不足以 / 难道不……) para expresar insuficiencia o cuestionar si se alcanza el umbral.,"Aunque algunos metodos de pago rapido son utiles, eso por si solo no basta para atraer a todas las personas mayores.",Su disculpa verbal no es suficiente para compensar las perdidas economicas causadas por su descuido.,¿Acaso esta pequena dificultad basta para que abandones el sueno musical que sostienes desde hace anos?
Chapter 4,随之而起,"Modismo literario fijo: ""surgir junto con ello"" o ""aparecer en su estela"". Indica un fenomeno secundario desencadenado por otro principal.","Con la popularizacion total de los smartphones, la industria del pago movil y del streaming surgio en consecuencia.","El gerente propuso un plan innovador y radical, y enseguida aparecieron dudas dentro de la empresa.","Con el resurgir global del interes por la cultura tradicional, brotaron estudios de hanfu y marcas culturales de estilo clasico."
Chapter 4,起码,"Uso 1: adverbio ""al menos"". Fija el umbral minimo absoluto requerido o esperado.","Si quieres aprobar bien ese examen profesional de piano, necesitas practicar al menos tres horas al dia.","Segun el avance actual de obra, construir ese gran gimnasio tomara por lo menos medio ano mas.","Aunque estes muy ocupado, al menos puedes llamar a tus mayores para saludarlos, ¿no?"
Chapter 4,起码,"Uso 2: adjetivo de ""basico / minimo"" para reglas o expectativas elementales que deben cumplirse.",No interrumpir cuando otros hablan es el respeto mas basico hacia los demas.,"Para un periodista, ceñirse a los hechos es la etica profesional mas elemental.",Tu deduccion esta llena de fallas y carece por completo de la logica mas basica.
Chapter 4,过于,"Adverbio formal: ""excesivamente"" o ""demasiado"". Debe ir seguido de un adjetivo bisilabico o verbo psicologico e indica que se supera un limite moderado.",Fue excesivamente indeciso al tomar decisiones y perdio una valiosa oportunidad de inversion.,Los padres no necesitan intervenir en exceso en la vida diaria de sus hijos; deben fomentar mas su autonomia.,La conclusion de este informe de mercado es demasiado optimista e ignora por completo riesgos financieros potenciales.
Chapter 4,以……著称,"Estructura escrita muy formal: ""ser famoso por"". Introduce la caracteristica concreta por la cual una entidad es conocida.",Este restaurante centenario siempre ha sido reconocido por su servicio atento y sus ingredientes frescos.,Ese joven jugador de go es conocido por su pensamiento agil y su estilo de juego agresivo.,Este antiguo pueblo acuatica del sur del Yangtze es famoso mundialmente por su elegancia y su profundo legado cultural.
Chapter 4,幸好,"Adverbio: ""por suerte / afortunadamente"". Introduce un factor salvador que evita que una mala situacion se convierta en desastre; a menudo con 不然/否则.","Por suerte sali con paraguas; de lo contrario, el aguacero de la noche me habria empapado por completo.","Afortunadamente, el equipo profesional de rescate llego rapido y los heridos en los escombros pudieron ponerse a salvo enseguida.","Casi olvido el discurso en el escenario, pero por suerte vi la mirada de apoyo del profesor y me calme poco a poco."
Chapter 5,给……以……,"Estructura escrita muy formal: ""otorgar / brindar a alguien algo abstracto"". Suele ir seguida de un sintagma nominal abstracto bisilabico.","Ante artesanos tradicionales en dificultades, el gobierno les otorgo un gran apoyo financiero.",La mirada de confianza del profesor me dio una enorme seguridad para superar el examen final de piano.,"A quienes hacen trampa deliberadamente en examenes y rompen la equidad, la escuela les aplicara un castigo severo."
Chapter 5,纯属……,"Frase categorizadora adverbial: ""puramente"", ""completamente"", ""nada mas que"". Clasificacion definitiva que enfatiza ausencia de otras posibilidades.",Que nos encontraramos de repente en una calle de un pais extranjero fue pura coincidencia; no habia ningun acuerdo previo.,El rumor en internet sobre el cierre inminente de ese centro cultural tradicional es totalmente falso; no lo crean sin verificar.,"Poder crecer en un entorno artistico tan elegante fue, para el, pura suerte."
Chapter 5,急于……,"Modificador verbal: ""estar ansioso por"" o ""tener prisa por"". Refleja urgencia psicologica y suele implicar que la precipitacion trae problemas.",Muchos padres tienen prisa por ver a sus hijos obtener certificados de piano y descuidan la practica basica.,"Frente al duro cuestionamiento del gerente, se apresuro a justificarse y termino empeorando la situacion.","Los recien llegados al sector suelen querer demostrar su capacidad de inmediato; no es reprochable, pero necesitan acumular experiencia con calma."
Chapter 5,至于……,"Uso 1: conector de cambio de tema, ""en cuanto a..."". Se coloca al inicio de una clausula para desplazar el foco a otro aspecto.","Mi tarea principal ahora es terminar la tesis; en cuanto a buscar trabajo, lo vere el proximo mes.","El hardware de este nuevo smartphone es potente; en cuanto al sistema operativo real, depende de la opinion de los usuarios.","Podemos darte un escenario para mostrar tu talento; en cuanto a destacar al final, dependera de tu esfuerzo sostenido."
Chapter 5,至于……,"Uso 2: indica limite de grado (""llegar al punto de...""). Muy comun en formas negativas o retoricas (不至于 / 何至于) para marcar frontera.","Aunque esta vez no le fue bien en el examen, no hace falta enojarse tanto hasta no dejarlo ni comer.","Solo por una pequena diferencia de opinion, ¿de veras iban a llegar al punto de romper su amistad?","Aunque su vida sea algo austera, no llegara al extremo de que una comida completa sea un lujo inalcanzable."
Chapter 5,予以……,"Verbo transitivo administrativo formal: ""dar / efectuar / brindar"" una accion o trato formal. Sustituye formalmente a 给.","Ante rumores sobre las finanzas de la empresa, relaciones publicas dara una rueda de prensa esta tarde para aclararlo.",Gracias a todos los ciudadanos por brindarnos comprension y amplia cooperacion durante la construccion del bosque ecologico urbano.,Tu sugerencia es muy constructiva; la direccion la valora mucho y le dara consideracion seria.
